{
  "PPFD": 777.0452816370491,
  "R:B": 0.8677838619491233,
  "CLED": 132.82241656794258,
  "Pn": 17.983295505651693
}