{
  "poly_coeffs": [
    -0.01647378955813528,
    1.311757545185874,
    -9.975127289182304,
    37.51058583615837,
    -57.39679805716325,
    31.250739818641836
  ],
  "poly_formula": "h(u) = -0.016474 + 1.311758u + -9.975127u^2 + 37.510586u^3 + -57.396798u^4 + 31.250740u^5",
  "context": {
    "co2": 400.0,
    "temp": 22.698309272366476,
    "ppfd_range": [
      50,
      1000
    ],
    "rb_range": [
      0.5,
      1.0
    ]
  },
  "knee_point": {
    "u": 0.6717403573824495,
    "h": 0.32108238488556307,
    "curvature": 3.9828609706121982,
    "orig_idx": 19,
    "PPFD": 329.0972860583228,
    "R:B": 0.9069564854751592,
    "CLED": 55.72020210706855,
    "Pn": 13.474651012095176
  }
}