{
  "poly_coeffs": [
    -0.019253713016838026,
    1.3481275962140813,
    -9.78798528551087,
    35.962538978030274,
    -54.126759362308945,
    29.171097803122393
  ],
  "poly_formula": "h(u) = -0.019254 + 1.348128u + -9.787985u^2 + 35.962539u^3 + -54.126759u^4 + 29.171098u^5",
  "context": {
    "co2": 400.0,
    "temp": 23.661866977493858,
    "ppfd_range": [
      50,
      1000
    ],
    "rb_range": [
      0.5,
      1.0
    ]
  },
  "knee_point": {
    "u": 0.6747813874427455,
    "h": 0.3422658261177558,
    "curvature": 3.467011457885232,
    "orig_idx": 13,
    "PPFD": 341.5984244406741,
    "R:B": 0.8871381860272082,
    "CLED": 58.11684068526921,
    "Pn": 14.251453763435034
  }
}