{
  "timestamp": "2025-07-17T11:31:12.643237",
  "results": {
    "experiment_info": {
      "name": "GPR_TPE_20250717_112350",
      "timestamp": "20250717_112350",
      "config": "Command line parameter overrides configuration"
    },
    "data_info": {
      "total_samples": 600,
      "features": [
        "PPFD",
        "CO2",
        "T",
        "R:B"
      ],
      "target": "Pn_avg",
      "feature_ranges": {
        "PPFD": [
          0.0,
          1000.0
        ],
        "CO2": [
          400.0,
          800.0
        ],
        "T": [
          18.0,
          30.0
        ],
        "R:B": [
          0.5,
          1.0
        ]
      },
      "target_range": [
        -1.9194548878781108,
        23.99693667391564
      ],
      "missing_values": {
        "PPFD": 0,
        "CO2": 0,
        "T": 0,
        "R:B": 0,
        "Pn_avg": 0,
        "count": 0
      }
    },
    "models": {
      "base": {
        "type": "GPR",
        "params": {
          "alpha": 1e-06,
          "n_restarts_optimizer": 5
        },
        "metrics": {
          "rmse": 1.8166354030477763,
          "r2": 0.926467973354852,
          "mae": 1.287695461994737,
          "mean_residual": 0.27197594513720047,
          "std_residual": 1.7961607035210636,
          "max_error": 5.288532165553361,
          "mean_std": 1.576191726386535,
          "max_std": 1.7126519797069093,
          "confidence_interval_coverage": 0.875,
          "train_rmse": 1.2515440032351164,
          "train_r2": 0.9589180139213608,
          "train_mae": 0.8984860598111565,
          "train_mean_residual": 0.0012157780532811246,
          "train_std_residual": 1.2515434127178753,
          "train_max_error": 4.326357063837513,
          "train_mean_std": 1.5420268877634877,
          "train_max_std": 1.7126519748402524,
          "train_confidence_interval_coverage": 0.96875
        }
      },
      "optimized": {
        "type": "GPR",
        "params": {
          "alpha": 2.7297152360783392e-08,
          "length_scale": 0.49444911597336,
          "constant_value": 4.117272547274186,
          "noise_level": 2.3372090907214274e-05,
          "n_restarts_optimizer": 6
        },
        "metrics": {
          "rmse": 0.6069895601663537,
          "r2": 0.9917907509410252,
          "mae": 0.2736118750668402,
          "mean_residual": 0.1288668961770705,
          "std_residual": 0.593152298504045,
          "max_error": 4.151314740121691,
          "mean_std": 0.2519811506836504,
          "max_std": 1.4311850957936925,
          "confidence_interval_coverage": 0.9,
          "train_rmse": 0.06525354836064627,
          "train_r2": 0.9998883220458886,
          "train_mae": 0.047910780947177774,
          "train_mean_residual": -3.0811234483172266e-05,
          "train_std_residual": 0.06525354108646543,
          "train_max_error": 0.23520555431389978,
          "train_mean_std": 0.12422147806727504,
          "train_max_std": 0.14048627304374678,
          "train_confidence_interval_coverage": 1.0
        }
      }
    },
    "optimization": {
      "best_params": {
        "alpha": 2.7297152360783392e-08,
        "length_scale": 0.49444911597336,
        "constant_value": 4.117272547274186,
        "noise_level": 2.3372090907214274e-05,
        "n_restarts_optimizer": 6
      },
      "best_score": 0.1728570225947616,
      "optimization_history": "    number      value             datetime_start          datetime_complete  ... params_noise_level                               user_attrs_cv_scores                                  user_attrs_params     state\n0        0   3.160779 2025-07-17 11:23:52.799661 2025-07-17 11:24:02.614854  ...       6.155564e-04  [-2.8619595512580354, -4.063114223423761, -2.7...  {'alpha': 9.915644566638385e-06, 'length_scale...  COMPLETE\n1        1   2.548625 2025-07-17 11:24:02.616328 2025-07-17 11:24:28.257825  ...       6.440508e-04  [-1.9361251558802406, -4.063114222689999, -2.2...  {'alpha': 1.7699302940633311e-07, 'length_scal...  COMPLETE\n2        2   3.160779 2025-07-17 11:24:28.258729 2025-07-17 11:24:38.860927  ...       4.997041e-07  [-2.8619595404216507, -4.063114222676429, -2.7...  {'alpha': 1.4610865886287176e-08, 'length_scal...  COMPLETE\n3        3   0.216665 2025-07-17 11:24:38.861288 2025-07-17 11:24:55.309249  ...       2.854698e-05  [-0.21091393545164963, -0.31217797818982146, -...  {'alpha': 2.9324868872723725e-07, 'length_scal...  COMPLETE\n4        4   3.160779 2025-07-17 11:24:55.309623 2025-07-17 11:25:18.541207  ...       8.528934e-06  [-2.861959534546777, -4.063114248854277, -2.71...  {'alpha': 0.000784915956255507, 'length_scale'...  COMPLETE\n5        5   0.664733 2025-07-17 11:25:18.541737 2025-07-17 11:25:28.551771  ...       5.486767e-04  [-0.656214722125744, -0.831441746116988, -0.50...  {'alpha': 0.019116469627784235, 'length_scale'...  COMPLETE\n6        6   2.049894 2025-07-17 11:25:28.552482 2025-07-17 11:26:12.947951  ...       3.900177e-01  [-2.9012834438321398, -2.164091841935965, -2.7...  {'alpha': 0.0007250347382396634, 'length_scale...  COMPLETE\n7        7   1.450866 2025-07-17 11:26:12.948327 2025-07-17 11:26:42.707405  ...       2.977585e-03  [-1.4462951925403553, -0.5341540069441658, -0....  {'alpha': 0.029321000471832896, 'length_scale'...  COMPLETE\n8        8   1.906864 2025-07-17 11:26:42.707809 2025-07-17 11:27:03.143021  ...       1.881756e-01  [-1.9955984838950265, -1.9511423281779932, -1....  {'alpha': 9.469038421774442e-08, 'length_scale...  COMPLETE\n9        9   0.230121 2025-07-17 11:27:03.143398 2025-07-17 11:27:20.025273  ...       2.364189e-04  [-0.2685909661164089, -0.3272376271620507, -0....  {'alpha': 0.0019960815242513743, 'length_scale...  COMPLETE\n10      10   0.216666 2025-07-17 11:27:20.026219 2025-07-17 11:27:33.283288  ...       4.919089e-06  [-0.2109118785728404, -0.3121783062401489, -0....  {'alpha': 3.2262978926481496e-08, 'length_scal...  COMPLETE\n11      11   0.172857 2025-07-17 11:27:33.284006 2025-07-17 11:27:47.451886  ...       2.337209e-05  [-0.1920010195504861, -0.2920785878114112, -0....  {'alpha': 2.7297152360783392e-08, 'length_scal...  COMPLETE\n12      12  15.138025 2025-07-17 11:27:47.452360 2025-07-17 11:27:57.492533  ...       7.689219e-04  [-37.204186258473975, -36.61590759010438, -0.1...  {'alpha': 1.5781950561576047e-08, 'length_scal...  COMPLETE\n13      13   4.081675 2025-07-17 11:27:57.493388 2025-07-17 11:28:06.871891  ...       1.800901e-08  [-1.9303427694675002, -3.893510695633077, -1.9...  {'alpha': 1.930619560730734e-05, 'length_scale...  COMPLETE\n14      14   0.323936 2025-07-17 11:28:06.872337 2025-07-17 11:28:22.834666  ...       7.145661e-02  [-0.4764068842439812, -0.30866199516977183, -0...  {'alpha': 8.332963626553258e-08, 'length_scale...  COMPLETE\n15      15   0.216665 2025-07-17 11:28:22.835378 2025-07-17 11:28:56.260159  ...       9.606701e-07  [-0.21091323590585564, -0.3121784555920922, -0...  {'alpha': 9.154631910586675e-07, 'length_scale...  COMPLETE\n16      16   0.323937 2025-07-17 11:28:56.260993 2025-07-17 11:29:28.293147  ...       2.616474e-07  [-0.4764077522817602, -0.3086625737444577, -0....  {'alpha': 3.143838621494368e-07, 'length_scale...  COMPLETE\n17      17   2.646751 2025-07-17 11:29:28.293892 2025-07-17 11:30:04.501155  ...       7.084797e-06  [-1.9361194899290097, -4.063114222679204, -2.7...  {'alpha': 4.786447651163756e-08, 'length_scale...  COMPLETE\n18      18   0.193983 2025-07-17 11:30:04.501629 2025-07-17 11:30:38.065404  ...       1.215612e-08  [-0.21091396055755288, -0.3121784827647301, -0...  {'alpha': 3.803134163154377e-08, 'length_scale...  COMPLETE\n19      19   2.646751 2025-07-17 11:30:38.065866 2025-07-17 11:31:08.676387  ...       2.429646e-08  [-1.9361194158004633, -4.063114223217782, -2.7...  {'alpha': 6.9214918400224555e-06, 'length_scal...  COMPLETE\n\n[20 rows x 13 columns]",
      "study": "<optuna.study.study.Study object at 0x170e015d0>",
      "n_trials": 20,