{
  "poly_coeffs": [
    -0.02244387292888405,
    1.321464927870424,
    -9.314191059726971,
    33.71098613731274,
    -49.92306868263355,
    26.440239881715883
  ],
  "poly_formula": "h(u) = -0.022444 + 1.321465u + -9.314191u^2 + 33.710986u^3 + -49.923069u^4 + 26.440240u^5",
  "context": {
    "co2": 400.0,
    "temp": 24.90707938754779,
    "ppfd_range": [
      50,
      1000
    ],
    "rb_range": [
      0.5,
      1.0
    ]
  },
  "knee_point": {
    "u": 0.6890672602115868,
    "h": 0.3475443365316657,
    "curvature": 3.4223370159762765,
    "orig_idx": 18,
    "PPFD": 339.6745985470238,
    "R:B": 0.8996543376572099,
    "CLED": 57.61367266063938,
    "Pn": 14.54265800959801
  }
}