{
  "poly_coeffs": [
    -0.03541194980477373,
    1.4325170215345326,
    -9.406834169776877,
    29.33353738286355,
    -37.60178143984915,
    17.20465912976605
  ],
  "poly_formula": "h(u) = -0.035412 + 1.432517u + -9.406834u^2 + 29.333537u^3 + -37.601781u^4 + 17.204659u^5",
  "knee_point": {
    "u": 0.792896448224112,
    "h": 0.33856504581984126,
    "curvature": 3.71483316299503,
    "orig_idx": 66,
    "PPFD": 356.8316023434985,
    "R:B": 0.8614733124070206,
    "CLED": 61.087322574569086,
    "Pn": 15.201042681948705
  }
}