{
  "poly_coeffs": [
    -0.01913581002431073,
    1.3052473983239807,
    -9.46676784362927,
    34.98479749470591,
    -52.94333676206023,
    28.69402015827677
  ],
  "poly_formula": "h(u) = -0.019136 + 1.305247u + -9.466768u^2 + 34.984797u^3 + -52.943337u^4 + 28.694020u^5",
  "context": {
    "co2": 400.0,
    "temp": 23.207692333940503,
    "ppfd_range": [
      50,
      1000
    ],
    "rb_range": [
      0.5,
      1.0
    ]
  },
  "knee_point": {
    "u": 0.6726035230076203,
    "h": 0.3357637182450697,
    "curvature": 3.4704585951009266,
    "orig_idx": 36,
    "PPFD": 336.4189272708978,
    "R:B": 0.8707654878387092,
    "CLED": 57.46348888341865,
    "Pn": 13.895182994428849
  }
}