{
  "poly_coeffs": [
    -0.044779401567586224,
    1.4590706448629018,
    -9.114319050040564,
    28.04396602879534,
    -35.87991110562405,
    16.457409152133962
  ],
  "poly_formula": "h(u) = -0.044779 + 1.459071u + -9.114319u^2 + 28.043966u^3 + -35.879911u^4 + 16.457409u^5",
  "knee_point": {
    "u": 0.7913956978489244,
    "h": 0.3363938094971939,
    "curvature": 3.631092413569485,
    "orig_idx": 116,
    "PPFD": 359.8337142153828,
    "R:B": 0.8657538085376745,
    "CLED": 61.53755075998365,
    "Pn": 15.250252051552016
  }
}