{
  "poly_coeffs": [
    -0.024695407690711938,
    1.3594107489149885,
    -9.38834067831009,
    33.884147956795694,
    -50.6364742904271,
    27.244285823506114
  ],
  "poly_formula": "h(u) = -0.024695 + 1.359411u + -9.388341u^2 + 33.884148u^3 + -50.636474u^4 + 27.244286u^5",
  "context": {
    "co2": 400.0,
    "temp": 23.671854962309567,
    "ppfd_range": [
      50,
      1000
    ],
    "rb_range": [
      0.5,
      1.0
    ]
  },
  "knee_point": {
    "u": 0.6756917927552861,
    "h": 0.3427915706731688,
    "curvature": 3.308835179132898,
    "orig_idx": 87,
    "PPFD": 336.6854819400512,
    "R:B": 0.8995442332114282,
    "CLED": 57.10820916561699,
    "Pn": 14.13378484638444
  }
}