{
  "poly_coeffs": [
    -0.023079253028636115,
    1.389593672053252,
    -9.9150552798594,
    36.23791114577896,
    -54.30522288026248,
    29.097190241459103
  ],
  "poly_formula": "h(u) = -0.023079 + 1.389594u + -9.915055u^2 + 36.237911u^3 + -54.305223u^4 + 29.097190u^5",
  "context": {
    "co2": 400.0,
    "temp": 24.66850345162038,
    "ppfd_range": [
      50,
      1000
    ],
    "rb_range": [
      0.5,
      1.0
    ]
  },
  "knee_point": {
    "u": 0.6794006893548238,
    "h": 0.35023041017326495,
    "curvature": 3.524220280417331,
    "orig_idx": 37,
    "PPFD": 340.4704963973006,
    "R:B": 0.9087496191142496,
    "CLED": 57.62057171217902,
    "Pn": 14.476164380486392
  }
}