{
    "PPFD": 272.9456965916445,
    "R:B": 0.9092581790890273,
    "CLED": 0.020302840344262506,
    "Pn": 12.626315406121288,
    "Model": "LSSVR",
    "Algorithm": "NSGA2"
}