{
    "PPFD": 265.8767101696885,
    "R:B": 0.8932146908930881,
    "CLED": 0.01982911384713501,
    "Pn": 12.46787463567047,
    "Model": "LSSVR",
    "Algorithm": "SPEA2"
}