{
  "poly_coeffs": [
    -0.01804675694459617,
    1.365681241139195,
    -10.382328996620668,
    38.7239109378401,
    -58.948523003804496,
    31.970934588375442
  ],
  "poly_formula": "h(u) = -0.018047 + 1.365681u + -10.382329u^2 + 38.723911u^3 + -58.948523u^4 + 31.970935u^5",
  "context": {
    "co2": 400.0,
    "temp": 22.641111917961158,
    "ppfd_range": [
      50,
      1000
    ],
    "rb_range": [
      0.5,
      1.0
    ]
  },
  "knee_point": {
    "u": 0.6719429483634265,
    "h": 0.3225014586193664,
    "curvature": 3.9918751557988372,
    "orig_idx": 79,
    "PPFD": 325.43949157794555,
    "R:B": 0.8823611539147507,
    "CLED": 55.43199709400153,
    "Pn": 13.40927035006278
  }
}